Feature,AverageImportance
R,9.26466649007349e-05
G,0.000220588591338759
B,0.000101442799652934
C,0.000259903862309549
